book,page,category
BC Black Chrome,1,service
BC Black Chrome,2,art_splash
BC Black Chrome,3,service
BC Black Chrome,4,service
BC Black Chrome,5,service
BC Black Chrome,6,service
BC Black Chrome,7,rules_core
BC Black Chrome,8,rules_core
BC Black Chrome,9,rules_core
BC Black Chrome,10,rules_core
BC Black Chrome,11,rules_core
BC Black Chrome,12,rules_core
BC Black Chrome,13,items_gear
BC Black Chrome,14,items_gear
BC Black Chrome,15,items_gear
BC Black Chrome,16,items_gear
BC Black Chrome,17,items_gear
BC Black Chrome,18,items_gear
BC Black Chrome,19,items_gear
BC Black Chrome,20,items_gear
BC Black Chrome,21,items_gear
BC Black Chrome,22,items_gear
BC Black Chrome,23,items_gear
BC Black Chrome,24,items_gear
BC Black Chrome,25,items_gear
BC Black Chrome,26,items_gear
BC Black Chrome,27,items_gear
BC Black Chrome,28,items_gear
BC Black Chrome,29,items_gear
BC Black Chrome,30,items_gear
BC Black Chrome,31,items_gear
BC Black Chrome,32,items_gear
BC Black Chrome,33,items_gear
BC Black Chrome,34,items_gear
BC Black Chrome,35,items_gear
BC Black Chrome,36,items_gear
BC Black Chrome,37,items_gear
BC Black Chrome,38,items_gear
BC Black Chrome,39,items_gear
BC Black Chrome,40,items_gear
BC Black Chrome,41,items_gear
BC Black Chrome,42,items_gear
BC Black Chrome,43,items_gear
BC Black Chrome,44,items_gear
BC Black Chrome,45,items_gear
BC Black Chrome,46,items_gear
BC Black Chrome,47,items_gear
BC Black Chrome,48,items_gear
BC Black Chrome,49,items_gear
BC Black Chrome,50,items_gear
BC Black Chrome,51,items_gear
BC Black Chrome,52,items_gear
BC Black Chrome,53,items_gear
BC Black Chrome,54,items_gear
BC Black Chrome,55,items_gear
BC Black Chrome,56,items_gear
BC Black Chrome,57,items_gear
BC Black Chrome,58,items_gear
BC Black Chrome,59,items_gear
BC Black Chrome,60,items_gear
BC Black Chrome,61,items_gear
BC Black Chrome,62,items_gear
BC Black Chrome,63,items_gear
BC Black Chrome,64,items_gear
BC Black Chrome,65,items_gear
BC Black Chrome,66,items_gear
BC Black Chrome,67,items_gear
BC Black Chrome,68,items_gear
BC Black Chrome,69,items_gear
BC Black Chrome,70,items_gear
BC Black Chrome,71,items_gear
BC Black Chrome,72,items_gear
BC Black Chrome,73,items_gear
BC Black Chrome,74,items_gear
BC Black Chrome,75,items_gear
BC Black Chrome,76,items_gear
BC Black Chrome,77,items_gear
BC Black Chrome,78,items_gear
BC Black Chrome,79,items_gear
BC Black Chrome,80,items_gear
BC Black Chrome,81,items_gear
BC Black Chrome,82,items_gear
BC Black Chrome,83,items_gear
BC Black Chrome,84,items_gear
BC Black Chrome,85,items_gear
BC Black Chrome,86,items_gear
BC Black Chrome,87,items_gear
BC Black Chrome,88,items_gear
BC Black Chrome,89,items_gear
BC Black Chrome,90,items_gear
BC Black Chrome,91,items_gear
BC Black Chrome,92,items_gear
BC Black Chrome,93,items_gear
BC Black Chrome,94,items_gear
BC Black Chrome,95,items_gear
BC Black Chrome,96,items_gear
BC Black Chrome,97,items_gear
BC Black Chrome,98,items_gear
BC Black Chrome,99,items_gear
BC Black Chrome,100,items_gear
BC Black Chrome,101,items_gear
BC Black Chrome,102,items_gear
BC Black Chrome,103,items_gear
BC Black Chrome,104,items_gear
BC Black Chrome,105,items_gear
BC Black Chrome,106,items_gear
BC Black Chrome,107,items_gear
BC Black Chrome,108,items_gear
BC Black Chrome,109,items_gear
BC Black Chrome,110,items_gear
BC Black Chrome,111,items_gear
BC Black Chrome,112,items_gear
BC Black Chrome,113,items_gear
BC Black Chrome,114,items_gear
BC Black Chrome,115,items_gear
BC Black Chrome,116,items_gear
BC Black Chrome,117,items_gear
BC Black Chrome,118,items_gear
BC Black Chrome,119,items_gear
BC Black Chrome,120,items_gear
BC Black Chrome,121,items_gear
BC Black Chrome,122,items_gear
BC Black Chrome,123,items_gear
BC Black Chrome,124,items_gear
BC Black Chrome,125,items_gear
BC Black Chrome,126,items_gear
BC Black Chrome,127,items_gear
BC Black Chrome,128,items_gear
BC Black Chrome,129,rules_core
BC Black Chrome,130,items_gear
BC Black Chrome,131,items_gear
BC Black Chrome,132,rules_core
BC Black Chrome,133,gm_advice
BC Black Chrome,134,gm_advice
BC Black Chrome,135,gm_advice
BC Black Chrome,136,art_splash
BC Black Chrome,137,gm_advice
BC Black Chrome,138,gm_advice
BC Black Chrome,139,gm_advice
BC Black Chrome,140,art_splash
BC Black Chrome,141,gm_advice
BC Black Chrome,142,gm_advice
BC Black Chrome,143,art_splash
BC Black Chrome,144,gm_advice
BC Black Chrome,145,gm_advice
BC Black Chrome,146,gm_advice
BC Black Chrome,147,gm_advice
BC Black Chrome,148,gm_advice
BC Black Chrome,149,gm_advice
BC Black Chrome,150,gm_advice
BC Black Chrome,151,art_splash
BC Black Chrome,152,gm_advice
BC Black Chrome,153,gm_advice
BC Black Chrome,154,gm_advice
BC Black Chrome,155,gm_advice
BC Black Chrome,156,art_splash
BC Black Chrome,157,gm_advice
BC Black Chrome,158,gm_advice
BC Black Chrome,159,items_gear
BC Black Chrome,160,items_gear
BC Black Chrome,161,items_gear
BC Black Chrome,162,items_gear
BC Black Chrome,163,items_gear
BC Black Chrome,164,items_gear
BC Black Chrome,165,items_gear
BC Black Chrome,166,items_gear
BC Black Chrome,167,items_gear
BC Black Chrome,168,items_gear
BC Black Chrome,169,items_gear
BC Black Chrome,170,items_gear
CEMK Edgerunners Handbook,1,service
CEMK Edgerunners Handbook,2,service
CEMK Edgerunners Handbook,3,rules_netrunner
CEMK Edgerunners Handbook,4,lore
CEMK Edgerunners Handbook,5,gm_advice
CEMK Edgerunners Handbook,6,lore
CEMK Edgerunners Handbook,7,lore
CEMK Edgerunners Handbook,8,items_gear
CEMK Edgerunners Handbook,9,items_gear
CEMK Edgerunners Handbook,10,rules_netrunner
CEMK Edgerunners Handbook,11,items_gear
CEMK Edgerunners Handbook,12,rules_netrunner
CEMK Edgerunners Handbook,13,lore
CEMK Edgerunners Handbook,14,rules_netrunner
CEMK Edgerunners Handbook,15,lore
CEMK Edgerunners Handbook,16,lore
CEMK Edgerunners Handbook,17,lore
CEMK Edgerunners Handbook,18,lore
CEMK Edgerunners Handbook,19,lore
CEMK Edgerunners Handbook,20,lore
CEMK Edgerunners Handbook,21,lore
CEMK Edgerunners Handbook,22,lore
CEMK Edgerunners Handbook,23,lore
CEMK Edgerunners Handbook,24,lore
CEMK Edgerunners Handbook,25,lore
CEMK Edgerunners Handbook,26,items_gear
CEMK Edgerunners Handbook,27,lore
CEMK Edgerunners Handbook,28,lore
CEMK Edgerunners Handbook,29,lore
CEMK Edgerunners Handbook,30,lore
CEMK Edgerunners Handbook,31,lore
CEMK Edgerunners Handbook,32,lore
CEMK Edgerunners Handbook,33,lore
CEMK Edgerunners Handbook,34,items_gear
CEMK Edgerunners Handbook,35,lore
CEMK Edgerunners Handbook,36,lore
CEMK Edgerunners Handbook,37,lore
CEMK Edgerunners Handbook,38,lore
CEMK Edgerunners Handbook,39,lore
CEMK Edgerunners Handbook,40,lore
CEMK Edgerunners Handbook,41,lore
CEMK Edgerunners Handbook,42,rules_combat
CEMK Rule Book,1,service
CEMK Rule Book,2,service
CEMK Rule Book,3,rules_combat
CEMK Rule Book,4,rules_combat
CEMK Rule Book,5,rules_core
CEMK Rule Book,6,rules_core
CEMK Rule Book,7,rules_combat
CEMK Rule Book,8,rules_combat
CEMK Rule Book,9,rules_combat
CEMK Rule Book,10,rules_combat
CEMK Rule Book,11,rules_combat
CEMK Rule Book,12,rules_core
CEMK Rule Book,13,rules_combat
CEMK Rule Book,14,rules_combat
CEMK Rule Book,15,rules_combat
CEMK Rule Book,16,rules_netrunner
CEMK Rule Book,17,rules_netrunner
CEMK Rule Book,18,rules_netrunner
CEMK Rule Book,19,rules_combat
CEMK Rule Book,20,char_creation
CEMK Rule Book,21,lore
CEMK Rule Book,22,lore
CEMK Rule Book,23,lore
CEMK Rule Book,24,rules_netrunner
CEMK Rule Book,25,char_creation
CEMK Rule Book,26,items_gear
CEMK Rule Book,27,rules_netrunner
CEMK Rule Book,28,rules_netrunner
CEMK Rule Book,29,items_gear
CEMK Rule Book,30,rules_combat
CEMK Rule Book,31,rules_combat
CEMK Rule Book,32,rules_combat
CEMK Rule Book,33,rules_combat
CEMK Rule Book,34,rules_combat
CEMK Rule Book,35,rules_combat
CEMK Rule Book,36,rules_netrunner
CEMK Rule Book,37,rules_netrunner
CEMK Rule Book,38,rules_combat
CEMK Rule Book,39,rules_netrunner
CEMK Rule Book,40,rules_combat
CEMK Rule Book,41,rules_combat
CEMK Rule Book,42,rules_netrunner
CPR Cyberpunk RED Corebook,1,service
CPR Cyberpunk RED Corebook,2,art_splash
CPR Cyberpunk RED Corebook,3,service
CPR Cyberpunk RED Corebook,4,service
CPR Cyberpunk RED Corebook,5,service
CPR Cyberpunk RED Corebook,6,lore
CPR Cyberpunk RED Corebook,7,lore
CPR Cyberpunk RED Corebook,8,lore
CPR Cyberpunk RED Corebook,9,lore
CPR Cyberpunk RED Corebook,10,lore
CPR Cyberpunk RED Corebook,11,lore
CPR Cyberpunk RED Corebook,12,lore
CPR Cyberpunk RED Corebook,13,lore
CPR Cyberpunk RED Corebook,14,lore
CPR Cyberpunk RED Corebook,15,lore
CPR Cyberpunk RED Corebook,16,lore
CPR Cyberpunk RED Corebook,17,lore
CPR Cyberpunk RED Corebook,18,lore
CPR Cyberpunk RED Corebook,19,lore
CPR Cyberpunk RED Corebook,20,lore
CPR Cyberpunk RED Corebook,21,lore
CPR Cyberpunk RED Corebook,22,lore
CPR Cyberpunk RED Corebook,23,rules_core
CPR Cyberpunk RED Corebook,24,rules_core
CPR Cyberpunk RED Corebook,25,lore
CPR Cyberpunk RED Corebook,26,lore
CPR Cyberpunk RED Corebook,27,lore
CPR Cyberpunk RED Corebook,28,char_creation
CPR Cyberpunk RED Corebook,29,char_creation
CPR Cyberpunk RED Corebook,30,char_creation
CPR Cyberpunk RED Corebook,31,char_creation
CPR Cyberpunk RED Corebook,32,char_creation
CPR Cyberpunk RED Corebook,33,char_creation
CPR Cyberpunk RED Corebook,34,char_creation
CPR Cyberpunk RED Corebook,35,char_creation
CPR Cyberpunk RED Corebook,36,char_creation
CPR Cyberpunk RED Corebook,37,char_creation
CPR Cyberpunk RED Corebook,38,char_creation
CPR Cyberpunk RED Corebook,39,char_creation
CPR Cyberpunk RED Corebook,40,char_creation
CPR Cyberpunk RED Corebook,41,char_creation
CPR Cyberpunk RED Corebook,42,char_creation
CPR Cyberpunk RED Corebook,43,char_creation
CPR Cyberpunk RED Corebook,44,char_creation
CPR Cyberpunk RED Corebook,45,char_creation
CPR Cyberpunk RED Corebook,46,char_creation
CPR Cyberpunk RED Corebook,47,char_creation
CPR Cyberpunk RED Corebook,48,char_creation
CPR Cyberpunk RED Corebook,49,char_creation
CPR Cyberpunk RED Corebook,50,char_creation
CPR Cyberpunk RED Corebook,51,char_creation
CPR Cyberpunk RED Corebook,52,char_creation
CPR Cyberpunk RED Corebook,53,char_creation
CPR Cyberpunk RED Corebook,54,char_creation
CPR Cyberpunk RED Corebook,55,char_creation
CPR Cyberpunk RED Corebook,56,char_creation
CPR Cyberpunk RED Corebook,57,char_creation
CPR Cyberpunk RED Corebook,58,char_creation
CPR Cyberpunk RED Corebook,59,char_creation
CPR Cyberpunk RED Corebook,60,char_creation
CPR Cyberpunk RED Corebook,61,char_creation
CPR Cyberpunk RED Corebook,62,char_creation
CPR Cyberpunk RED Corebook,63,char_creation
CPR Cyberpunk RED Corebook,64,char_creation
CPR Cyberpunk RED Corebook,65,char_creation
CPR Cyberpunk RED Corebook,66,char_creation
CPR Cyberpunk RED Corebook,67,char_creation
CPR Cyberpunk RED Corebook,68,char_creation
CPR Cyberpunk RED Corebook,69,char_creation
CPR Cyberpunk RED Corebook,70,char_creation
CPR Cyberpunk RED Corebook,71,art_splash
CPR Cyberpunk RED Corebook,72,service
CPR Cyberpunk RED Corebook,73,rules_core
CPR Cyberpunk RED Corebook,74,rules_core
CPR Cyberpunk RED Corebook,75,rules_core
CPR Cyberpunk RED Corebook,76,rules_core
CPR Cyberpunk RED Corebook,77,rules_core
CPR Cyberpunk RED Corebook,78,rules_core
CPR Cyberpunk RED Corebook,79,rules_core
CPR Cyberpunk RED Corebook,80,rules_core
CPR Cyberpunk RED Corebook,81,rules_core
CPR Cyberpunk RED Corebook,82,rules_core
CPR Cyberpunk RED Corebook,83,rules_core
CPR Cyberpunk RED Corebook,84,rules_core
CPR Cyberpunk RED Corebook,85,rules_core
CPR Cyberpunk RED Corebook,86,rules_core
CPR Cyberpunk RED Corebook,87,rules_core
CPR Cyberpunk RED Corebook,88,rules_core
CPR Cyberpunk RED Corebook,89,rules_core
CPR Cyberpunk RED Corebook,90,rules_core
CPR Cyberpunk RED Corebook,91,rules_core
CPR Cyberpunk RED Corebook,92,items_gear
CPR Cyberpunk RED Corebook,93,items_gear
CPR Cyberpunk RED Corebook,94,items_gear
CPR Cyberpunk RED Corebook,95,items_gear
CPR Cyberpunk RED Corebook,96,items_gear
CPR Cyberpunk RED Corebook,97,items_gear
CPR Cyberpunk RED Corebook,98,items_gear
CPR Cyberpunk RED Corebook,99,items_gear
CPR Cyberpunk RED Corebook,100,items_gear
CPR Cyberpunk RED Corebook,101,items_gear
CPR Cyberpunk RED Corebook,102,items_gear
CPR Cyberpunk RED Corebook,103,items_gear
CPR Cyberpunk RED Corebook,104,items_gear
CPR Cyberpunk RED Corebook,105,items_gear
CPR Cyberpunk RED Corebook,106,items_gear
CPR Cyberpunk RED Corebook,107,art_splash
CPR Cyberpunk RED Corebook,108,rules_core
CPR Cyberpunk RED Corebook,109,rules_core
CPR Cyberpunk RED Corebook,110,rules_core
CPR Cyberpunk RED Corebook,111,items_gear
CPR Cyberpunk RED Corebook,112,items_gear
CPR Cyberpunk RED Corebook,113,items_gear
CPR Cyberpunk RED Corebook,114,items_gear
CPR Cyberpunk RED Corebook,115,items_gear
CPR Cyberpunk RED Corebook,116,items_gear
CPR Cyberpunk RED Corebook,117,items_gear
CPR Cyberpunk RED Corebook,118,items_gear
CPR Cyberpunk RED Corebook,119,items_gear
CPR Cyberpunk RED Corebook,120,items_gear
CPR Cyberpunk RED Corebook,121,items_gear
CPR Cyberpunk RED Corebook,122,lore
CPR Cyberpunk RED Corebook,123,lore
CPR Cyberpunk RED Corebook,124,lore
CPR Cyberpunk RED Corebook,125,lore
CPR Cyberpunk RED Corebook,126,rules_core
CPR Cyberpunk RED Corebook,127,rules_core
CPR Cyberpunk RED Corebook,128,rules_core
CPR Cyberpunk RED Corebook,129,rules_core
CPR Cyberpunk RED Corebook,130,rules_core
CPR Cyberpunk RED Corebook,131,rules_core
CPR Cyberpunk RED Corebook,132,rules_core
CPR Cyberpunk RED Corebook,133,rules_core
CPR Cyberpunk RED Corebook,134,rules_core
CPR Cyberpunk RED Corebook,135,rules_core
CPR Cyberpunk RED Corebook,136,rules_core
CPR Cyberpunk RED Corebook,137,rules_core
CPR Cyberpunk RED Corebook,138,rules_core
CPR Cyberpunk RED Corebook,139,rules_core
CPR Cyberpunk RED Corebook,140,rules_core
CPR Cyberpunk RED Corebook,141,rules_core
CPR Cyberpunk RED Corebook,142,rules_core
CPR Cyberpunk RED Corebook,143,rules_core
CPR Cyberpunk RED Corebook,144,rules_core
CPR Cyberpunk RED Corebook,145,rules_core
CPR Cyberpunk RED Corebook,146,rules_core
CPR Cyberpunk RED Corebook,147,rules_core
CPR Cyberpunk RED Corebook,148,rules_core
CPR Cyberpunk RED Corebook,149,rules_core
CPR Cyberpunk RED Corebook,150,rules_core
CPR Cyberpunk RED Corebook,151,rules_core
CPR Cyberpunk RED Corebook,152,rules_core
CPR Cyberpunk RED Corebook,153,rules_core
CPR Cyberpunk RED Corebook,154,rules_core
CPR Cyberpunk RED Corebook,155,rules_core
CPR Cyberpunk RED Corebook,156,rules_core
CPR Cyberpunk RED Corebook,157,rules_core
CPR Cyberpunk RED Corebook,158,rules_core
CPR Cyberpunk RED Corebook,159,rules_core
CPR Cyberpunk RED Corebook,160,rules_core
CPR Cyberpunk RED Corebook,161,rules_core
CPR Cyberpunk RED Corebook,162,rules_core
CPR Cyberpunk RED Corebook,163,rules_core
CPR Cyberpunk RED Corebook,164,rules_core
CPR Cyberpunk RED Corebook,165,rules_core
CPR Cyberpunk RED Corebook,166,rules_core
CPR Cyberpunk RED Corebook,167,rules_core
CPR Cyberpunk RED Corebook,168,rules_combat
CPR Cyberpunk RED Corebook,169,rules_combat
CPR Cyberpunk RED Corebook,170,rules_combat
CPR Cyberpunk RED Corebook,171,rules_combat
CPR Cyberpunk RED Corebook,172,rules_combat
CPR Cyberpunk RED Corebook,173,rules_combat
CPR Cyberpunk RED Corebook,174,rules_combat
CPR Cyberpunk RED Corebook,175,rules_combat
CPR Cyberpunk RED Corebook,176,rules_combat
CPR Cyberpunk RED Corebook,177,rules_combat
CPR Cyberpunk RED Corebook,178,rules_combat
CPR Cyberpunk RED Corebook,179,rules_combat
CPR Cyberpunk RED Corebook,180,rules_combat
CPR Cyberpunk RED Corebook,181,rules_combat
CPR Cyberpunk RED Corebook,182,rules_combat
CPR Cyberpunk RED Corebook,183,rules_combat
CPR Cyberpunk RED Corebook,184,rules_combat
CPR Cyberpunk RED Corebook,185,rules_combat
CPR Cyberpunk RED Corebook,186,items_gear
CPR Cyberpunk RED Corebook,187,rules_combat
CPR Cyberpunk RED Corebook,188,rules_combat
CPR Cyberpunk RED Corebook,189,rules_combat
CPR Cyberpunk RED Corebook,190,rules_combat
CPR Cyberpunk RED Corebook,191,items_gear
CPR Cyberpunk RED Corebook,192,rules_combat
CPR Cyberpunk RED Corebook,193,rules_combat
CPR Cyberpunk RED Corebook,194,rules_combat
CPR Cyberpunk RED Corebook,195,rules_combat
CPR Cyberpunk RED Corebook,196,rules_netrunner
CPR Cyberpunk RED Corebook,197,rules_netrunner
CPR Cyberpunk RED Corebook,198,rules_netrunner
CPR Cyberpunk RED Corebook,199,rules_netrunner
CPR Cyberpunk RED Corebook,200,rules_netrunner
CPR Cyberpunk RED Corebook,201,rules_netrunner
CPR Cyberpunk RED Corebook,202,rules_netrunner
CPR Cyberpunk RED Corebook,203,rules_netrunner
CPR Cyberpunk RED Corebook,204,rules_netrunner
CPR Cyberpunk RED Corebook,205,rules_netrunner
CPR Cyberpunk RED Corebook,206,rules_netrunner
CPR Cyberpunk RED Corebook,207,rules_netrunner
CPR Cyberpunk RED Corebook,208,rules_netrunner
CPR Cyberpunk RED Corebook,209,rules_netrunner
CPR Cyberpunk RED Corebook,210,rules_netrunner
CPR Cyberpunk RED Corebook,211,rules_netrunner
CPR Cyberpunk RED Corebook,212,rules_netrunner
CPR Cyberpunk RED Corebook,213,rules_netrunner
CPR Cyberpunk RED Corebook,214,rules_netrunner
CPR Cyberpunk RED Corebook,215,rules_netrunner
CPR Cyberpunk RED Corebook,216,rules_netrunner
CPR Cyberpunk RED Corebook,217,rules_netrunner
CPR Cyberpunk RED Corebook,218,rules_netrunner
CPR Cyberpunk RED Corebook,219,rules_netrunner
CPR Cyberpunk RED Corebook,220,rules_combat
CPR Cyberpunk RED Corebook,221,rules_combat
CPR Cyberpunk RED Corebook,222,rules_combat
CPR Cyberpunk RED Corebook,223,rules_combat
CPR Cyberpunk RED Corebook,224,items_gear
CPR Cyberpunk RED Corebook,225,items_gear
CPR Cyberpunk RED Corebook,226,items_gear
CPR Cyberpunk RED Corebook,227,items_gear
CPR Cyberpunk RED Corebook,228,items_gear
CPR Cyberpunk RED Corebook,229,items_gear
CPR Cyberpunk RED Corebook,230,rules_core
CPR Cyberpunk RED Corebook,231,items_gear
CPR Cyberpunk RED Corebook,232,rules_core
CPR Cyberpunk RED Corebook,233,rules_core
CPR Cyberpunk RED Corebook,234,lore
CPR Cyberpunk RED Corebook,235,lore
CPR Cyberpunk RED Corebook,236,lore
CPR Cyberpunk RED Corebook,237,lore
CPR Cyberpunk RED Corebook,238,lore
CPR Cyberpunk RED Corebook,239,lore
CPR Cyberpunk RED Corebook,240,lore
CPR Cyberpunk RED Corebook,241,lore
CPR Cyberpunk RED Corebook,242,lore
CPR Cyberpunk RED Corebook,243,lore
CPR Cyberpunk RED Corebook,244,lore
CPR Cyberpunk RED Corebook,245,lore
CPR Cyberpunk RED Corebook,246,lore
CPR Cyberpunk RED Corebook,247,lore
CPR Cyberpunk RED Corebook,248,lore
CPR Cyberpunk RED Corebook,249,lore
CPR Cyberpunk RED Corebook,250,lore
CPR Cyberpunk RED Corebook,251,lore
CPR Cyberpunk RED Corebook,252,lore
CPR Cyberpunk RED Corebook,253,lore
CPR Cyberpunk RED Corebook,254,lore
CPR Cyberpunk RED Corebook,255,lore
CPR Cyberpunk RED Corebook,256,lore
CPR Cyberpunk RED Corebook,257,lore
CPR Cyberpunk RED Corebook,258,lore
CPR Cyberpunk RED Corebook,259,lore
CPR Cyberpunk RED Corebook,260,lore
CPR Cyberpunk RED Corebook,261,lore
CPR Cyberpunk RED Corebook,262,lore
CPR Cyberpunk RED Corebook,263,lore
CPR Cyberpunk RED Corebook,264,lore
CPR Cyberpunk RED Corebook,265,lore
CPR Cyberpunk RED Corebook,266,lore
CPR Cyberpunk RED Corebook,267,lore
CPR Cyberpunk RED Corebook,268,lore
CPR Cyberpunk RED Corebook,269,lore
CPR Cyberpunk RED Corebook,270,lore
CPR Cyberpunk RED Corebook,271,lore
CPR Cyberpunk RED Corebook,272,lore
CPR Cyberpunk RED Corebook,273,lore
CPR Cyberpunk RED Corebook,274,lore
CPR Cyberpunk RED Corebook,275,lore
CPR Cyberpunk RED Corebook,276,lore
CPR Cyberpunk RED Corebook,277,lore
CPR Cyberpunk RED Corebook,278,lore
CPR Cyberpunk RED Corebook,279,lore
CPR Cyberpunk RED Corebook,280,lore
CPR Cyberpunk RED Corebook,281,lore
CPR Cyberpunk RED Corebook,282,lore
CPR Cyberpunk RED Corebook,283,lore
CPR Cyberpunk RED Corebook,284,lore
CPR Cyberpunk RED Corebook,285,lore
CPR Cyberpunk RED Corebook,286,lore
CPR Cyberpunk RED Corebook,287,lore
CPR Cyberpunk RED Corebook,288,lore
CPR Cyberpunk RED Corebook,289,lore
CPR Cyberpunk RED Corebook,290,lore
CPR Cyberpunk RED Corebook,291,lore
CPR Cyberpunk RED Corebook,292,lore
CPR Cyberpunk RED Corebook,293,lore
CPR Cyberpunk RED Corebook,294,lore
CPR Cyberpunk RED Corebook,295,lore
CPR Cyberpunk RED Corebook,296,lore
CPR Cyberpunk RED Corebook,297,lore
CPR Cyberpunk RED Corebook,298,lore
CPR Cyberpunk RED Corebook,299,lore
CPR Cyberpunk RED Corebook,300,lore
CPR Cyberpunk RED Corebook,301,lore
CPR Cyberpunk RED Corebook,302,lore
CPR Cyberpunk RED Corebook,303,lore
CPR Cyberpunk RED Corebook,304,lore
CPR Cyberpunk RED Corebook,305,lore
CPR Cyberpunk RED Corebook,306,lore
CPR Cyberpunk RED Corebook,307,lore
CPR Cyberpunk RED Corebook,308,lore
CPR Cyberpunk RED Corebook,309,lore
CPR Cyberpunk RED Corebook,310,lore
CPR Cyberpunk RED Corebook,311,lore
CPR Cyberpunk RED Corebook,312,lore
CPR Cyberpunk RED Corebook,313,lore
CPR Cyberpunk RED Corebook,314,lore
CPR Cyberpunk RED Corebook,315,lore
CPR Cyberpunk RED Corebook,316,lore
CPR Cyberpunk RED Corebook,317,lore
CPR Cyberpunk RED Corebook,318,lore
CPR Cyberpunk RED Corebook,319,lore
CPR Cyberpunk RED Corebook,320,lore
CPR Cyberpunk RED Corebook,321,lore
CPR Cyberpunk RED Corebook,322,lore
CPR Cyberpunk RED Corebook,323,lore
CPR Cyberpunk RED Corebook,324,lore
CPR Cyberpunk RED Corebook,325,lore
CPR Cyberpunk RED Corebook,326,lore
CPR Cyberpunk RED Corebook,327,lore
CPR Cyberpunk RED Corebook,328,lore
CPR Cyberpunk RED Corebook,329,lore
CPR Cyberpunk RED Corebook,330,lore
CPR Cyberpunk RED Corebook,331,lore
CPR Cyberpunk RED Corebook,332,lore
CPR Cyberpunk RED Corebook,333,lore
CPR Cyberpunk RED Corebook,334,rules_core
CPR Cyberpunk RED Corebook,335,rules_core
CPR Cyberpunk RED Corebook,336,rules_core
CPR Cyberpunk RED Corebook,337,rules_core
CPR Cyberpunk RED Corebook,338,rules_core
CPR Cyberpunk RED Corebook,339,items_gear
CPR Cyberpunk RED Corebook,340,items_gear
CPR Cyberpunk RED Corebook,341,items_gear
CPR Cyberpunk RED Corebook,342,items_gear
CPR Cyberpunk RED Corebook,343,items_gear
CPR Cyberpunk RED Corebook,344,items_gear
CPR Cyberpunk RED Corebook,345,items_gear
CPR Cyberpunk RED Corebook,346,items_gear
CPR Cyberpunk RED Corebook,347,items_gear
CPR Cyberpunk RED Corebook,348,items_gear
CPR Cyberpunk RED Corebook,349,items_gear
CPR Cyberpunk RED Corebook,350,items_gear
CPR Cyberpunk RED Corebook,351,items_gear
CPR Cyberpunk RED Corebook,352,items_gear
CPR Cyberpunk RED Corebook,353,items_gear
CPR Cyberpunk RED Corebook,354,items_gear
CPR Cyberpunk RED Corebook,355,items_gear
CPR Cyberpunk RED Corebook,356,items_gear
CPR Cyberpunk RED Corebook,357,items_gear
CPR Cyberpunk RED Corebook,358,items_gear
CPR Cyberpunk RED Corebook,359,items_gear
CPR Cyberpunk RED Corebook,360,items_gear
CPR Cyberpunk RED Corebook,361,items_gear
CPR Cyberpunk RED Corebook,362,items_gear
CPR Cyberpunk RED Corebook,363,items_gear
CPR Cyberpunk RED Corebook,364,items_gear
CPR Cyberpunk RED Corebook,365,items_gear
CPR Cyberpunk RED Corebook,366,items_gear
CPR Cyberpunk RED Corebook,367,items_gear
CPR Cyberpunk RED Corebook,368,items_gear
CPR Cyberpunk RED Corebook,369,items_gear
CPR Cyberpunk RED Corebook,370,items_gear
CPR Cyberpunk RED Corebook,371,items_gear
CPR Cyberpunk RED Corebook,372,items_gear
CPR Cyberpunk RED Corebook,373,items_gear
CPR Cyberpunk RED Corebook,374,items_gear
CPR Cyberpunk RED Corebook,375,items_gear
CPR Cyberpunk RED Corebook,376,items_gear
CPR Cyberpunk RED Corebook,377,items_gear
CPR Cyberpunk RED Corebook,378,items_gear
CPR Cyberpunk RED Corebook,379,items_gear
CPR Cyberpunk RED Corebook,380,items_gear
CPR Cyberpunk RED Corebook,381,items_gear
CPR Cyberpunk RED Corebook,382,gm_advice
CPR Cyberpunk RED Corebook,383,items_gear
CPR Cyberpunk RED Corebook,384,items_gear
CPR Cyberpunk RED Corebook,385,items_gear
CPR Cyberpunk RED Corebook,386,items_gear
CPR Cyberpunk RED Corebook,387,gm_advice
CPR Cyberpunk RED Corebook,388,gm_advice
CPR Cyberpunk RED Corebook,389,gm_advice
CPR Cyberpunk RED Corebook,390,gm_advice
CPR Cyberpunk RED Corebook,391,gm_advice
CPR Cyberpunk RED Corebook,392,gm_advice
CPR Cyberpunk RED Corebook,393,gm_advice
CPR Cyberpunk RED Corebook,394,gm_advice
CPR Cyberpunk RED Corebook,395,gm_advice
CPR Cyberpunk RED Corebook,396,gm_advice
CPR Cyberpunk RED Corebook,397,gm_advice
CPR Cyberpunk RED Corebook,398,gm_advice
CPR Cyberpunk RED Corebook,399,gm_advice
CPR Cyberpunk RED Corebook,400,gm_advice
CPR Cyberpunk RED Corebook,401,gm_advice
CPR Cyberpunk RED Corebook,402,gm_advice
CPR Cyberpunk RED Corebook,403,gm_advice
CPR Cyberpunk RED Corebook,404,gm_advice
CPR Cyberpunk RED Corebook,405,gm_advice
CPR Cyberpunk RED Corebook,406,gm_advice
CPR Cyberpunk RED Corebook,407,gm_advice
CPR Cyberpunk RED Corebook,408,gm_advice
CPR Cyberpunk RED Corebook,409,rules_core
CPR Cyberpunk RED Corebook,410,rules_core
CPR Cyberpunk RED Corebook,411,rules_core
CPR Cyberpunk RED Corebook,412,rules_core
CPR Cyberpunk RED Corebook,413,gm_advice
CPR Cyberpunk RED Corebook,414,gm_advice
CPR Cyberpunk RED Corebook,415,gm_advice
CPR Cyberpunk RED Corebook,416,gm_advice
CPR Cyberpunk RED Corebook,417,gm_advice
CPR Cyberpunk RED Corebook,418,gm_advice
CPR Cyberpunk RED Corebook,419,gm_advice
CPR Cyberpunk RED Corebook,420,gm_advice
CPR Cyberpunk RED Corebook,421,gm_advice
CPR Cyberpunk RED Corebook,422,gm_advice
CPR Cyberpunk RED Corebook,423,gm_advice
CPR Cyberpunk RED Corebook,424,gm_advice
CPR Cyberpunk RED Corebook,425,gm_advice
CPR Cyberpunk RED Corebook,426,gm_advice
CPR Cyberpunk RED Corebook,427,art_splash
CPR Cyberpunk RED Corebook,428,gm_advice
CPR Cyberpunk RED Corebook,429,gm_advice
CPR Cyberpunk RED Corebook,430,gm_advice
CPR Cyberpunk RED Corebook,431,gm_advice
CPR Cyberpunk RED Corebook,432,gm_advice
CPR Cyberpunk RED Corebook,433,gm_advice
CPR Cyberpunk RED Corebook,434,gm_advice
CPR Cyberpunk RED Corebook,435,art_splash
CPR Cyberpunk RED Corebook,436,gm_advice
CPR Cyberpunk RED Corebook,437,gm_advice
CPR Cyberpunk RED Corebook,438,gm_advice
CPR Cyberpunk RED Corebook,439,gm_advice
CPR Cyberpunk RED Corebook,440,gm_advice
CPR Cyberpunk RED Corebook,441,gm_advice
CPR Cyberpunk RED Corebook,442,gm_advice
CPR Cyberpunk RED Corebook,443,gm_advice
CPR Cyberpunk RED Corebook,444,gm_advice
CPR Cyberpunk RED Corebook,445,gm_advice
CPR Cyberpunk RED Corebook,446,gm_advice
CPR Cyberpunk RED Corebook,447,gm_advice
CPR Cyberpunk RED Corebook,448,gm_advice
CPR Cyberpunk RED Corebook,449,gm_advice
CPR Cyberpunk RED Corebook,450,gm_advice
CPR Cyberpunk RED Corebook,451,gm_advice
CPR Cyberpunk RED Corebook,452,gm_advice
CPR Cyberpunk RED Corebook,453,art_splash
CPR Cyberpunk RED Corebook,454,gm_advice
CPR Cyberpunk RED Corebook,455,gm_advice
CPR Cyberpunk RED Corebook,456,gm_advice
CPR Cyberpunk RED Corebook,457,gm_advice
CPR Cyberpunk RED Corebook,458,gm_advice
IR1 Cyberpunk RED - Interface RED - Volume 1,1,service
IR1 Cyberpunk RED - Interface RED - Volume 1,2,service
IR1 Cyberpunk RED - Interface RED - Volume 1,3,items_gear
IR1 Cyberpunk RED - Interface RED - Volume 1,4,items_gear
IR1 Cyberpunk RED - Interface RED - Volume 1,5,items_gear
IR1 Cyberpunk RED - Interface RED - Volume 1,6,items_gear
IR1 Cyberpunk RED - Interface RED - Volume 1,7,items_gear
IR1 Cyberpunk RED - Interface RED - Volume 1,8,items_gear
IR1 Cyberpunk RED - Interface RED - Volume 1,9,items_gear
IR1 Cyberpunk RED - Interface RED - Volume 1,10,items_gear
IR1 Cyberpunk RED - Interface RED - Volume 1,11,items_gear
IR1 Cyberpunk RED - Interface RED - Volume 1,12,items_gear
IR1 Cyberpunk RED - Interface RED - Volume 1,13,items_gear
IR1 Cyberpunk RED - Interface RED - Volume 1,14,items_gear
IR1 Cyberpunk RED - Interface RED - Volume 1,15,items_gear
IR1 Cyberpunk RED - Interface RED - Volume 1,16,items_gear
IR1 Cyberpunk RED - Interface RED - Volume 1,17,items_gear
IR1 Cyberpunk RED - Interface RED - Volume 1,18,items_gear
IR1 Cyberpunk RED - Interface RED - Volume 1,19,items_gear
IR1 Cyberpunk RED - Interface RED - Volume 1,20,items_gear
IR1 Cyberpunk RED - Interface RED - Volume 1,21,items_gear
IR1 Cyberpunk RED - Interface RED - Volume 1,22,items_gear
IR1 Cyberpunk RED - Interface RED - Volume 1,23,items_gear
IR1 Cyberpunk RED - Interface RED - Volume 1,24,items_gear
IR1 Cyberpunk RED - Interface RED - Volume 1,25,items_gear
IR1 Cyberpunk RED - Interface RED - Volume 1,26,items_gear
IR1 Cyberpunk RED - Interface RED - Volume 1,27,items_gear
IR1 Cyberpunk RED - Interface RED - Volume 1,28,items_gear
IR1 Cyberpunk RED - Interface RED - Volume 1,29,items_gear
IR1 Cyberpunk RED - Interface RED - Volume 1,30,items_gear
IR1 Cyberpunk RED - Interface RED - Volume 1,31,items_gear
IR1 Cyberpunk RED - Interface RED - Volume 1,32,items_gear
IR1 Cyberpunk RED - Interface RED - Volume 1,33,items_gear
IR1 Cyberpunk RED - Interface RED - Volume 1,34,items_gear
IR1 Cyberpunk RED - Interface RED - Volume 1,35,items_gear
IR1 Cyberpunk RED - Interface RED - Volume 1,36,items_gear
IR1 Cyberpunk RED - Interface RED - Volume 1,37,items_gear
IR1 Cyberpunk RED - Interface RED - Volume 1,38,items_gear
IR1 Cyberpunk RED - Interface RED - Volume 1,39,items_gear
IR1 Cyberpunk RED - Interface RED - Volume 1,40,items_gear
IR1 Cyberpunk RED - Interface RED - Volume 1,41,lore
IR1 Cyberpunk RED - Interface RED - Volume 1,42,lore
IR1 Cyberpunk RED - Interface RED - Volume 1,43,lore
IR1 Cyberpunk RED - Interface RED - Volume 1,44,lore
IR1 Cyberpunk RED - Interface RED - Volume 1,45,items_gear
IR1 Cyberpunk RED - Interface RED - Volume 1,46,lore
IR1 Cyberpunk RED - Interface RED - Volume 1,47,lore
IR1 Cyberpunk RED - Interface RED - Volume 1,48,lore
IR1 Cyberpunk RED - Interface RED - Volume 1,49,lore
IR1 Cyberpunk RED - Interface RED - Volume 1,50,lore
IR1 Cyberpunk RED - Interface RED - Volume 1,51,lore
IR1 Cyberpunk RED - Interface RED - Volume 1,52,lore
IR1 Cyberpunk RED - Interface RED - Volume 1,53,lore
IR1 Cyberpunk RED - Interface RED - Volume 1,54,lore
IR1 Cyberpunk RED - Interface RED - Volume 1,55,lore
IR1 Cyberpunk RED - Interface RED - Volume 1,56,lore
IR1 Cyberpunk RED - Interface RED - Volume 1,57,lore
IR1 Cyberpunk RED - Interface RED - Volume 1,58,items_gear
IR1 Cyberpunk RED - Interface RED - Volume 1,59,items_gear
IR1 Cyberpunk RED - Interface RED - Volume 1,60,items_gear
IR1 Cyberpunk RED - Interface RED - Volume 1,61,items_gear
IR1 Cyberpunk RED - Interface RED - Volume 1,62,items_gear
IR1 Cyberpunk RED - Interface RED - Volume 1,63,items_gear
IR1 Cyberpunk RED - Interface RED - Volume 1,64,items_gear
IR1 Cyberpunk RED - Interface RED - Volume 1,65,art_splash
IR1 Cyberpunk RED - Interface RED - Volume 1,66,items_gear
IR2 Cyberpunk RED - Interface RED - Volume 2,1,service
IR2 Cyberpunk RED - Interface RED - Volume 2,2,service
IR2 Cyberpunk RED - Interface RED - Volume 2,3,service
IR2 Cyberpunk RED - Interface RED - Volume 2,4,gm_advice
IR2 Cyberpunk RED - Interface RED - Volume 2,5,gm_advice
IR2 Cyberpunk RED - Interface RED - Volume 2,6,gm_advice
IR2 Cyberpunk RED - Interface RED - Volume 2,7,gm_advice
IR2 Cyberpunk RED - Interface RED - Volume 2,8,gm_advice
IR2 Cyberpunk RED - Interface RED - Volume 2,9,gm_advice
IR2 Cyberpunk RED - Interface RED - Volume 2,10,gm_advice
IR2 Cyberpunk RED - Interface RED - Volume 2,11,gm_advice
IR2 Cyberpunk RED - Interface RED - Volume 2,12,gm_advice
IR2 Cyberpunk RED - Interface RED - Volume 2,13,gm_advice
IR2 Cyberpunk RED - Interface RED - Volume 2,14,gm_advice
IR2 Cyberpunk RED - Interface RED - Volume 2,15,gm_advice
IR2 Cyberpunk RED - Interface RED - Volume 2,16,gm_advice
IR2 Cyberpunk RED - Interface RED - Volume 2,17,gm_advice
IR2 Cyberpunk RED - Interface RED - Volume 2,18,gm_advice
IR2 Cyberpunk RED - Interface RED - Volume 2,19,gm_advice
IR2 Cyberpunk RED - Interface RED - Volume 2,20,gm_advice
IR2 Cyberpunk RED - Interface RED - Volume 2,21,items_gear
IR2 Cyberpunk RED - Interface RED - Volume 2,22,gm_advice
IR2 Cyberpunk RED - Interface RED - Volume 2,23,gm_advice
IR2 Cyberpunk RED - Interface RED - Volume 2,24,gm_advice
IR2 Cyberpunk RED - Interface RED - Volume 2,25,items_gear
IR2 Cyberpunk RED - Interface RED - Volume 2,26,gm_advice
IR2 Cyberpunk RED - Interface RED - Volume 2,27,gm_advice
IR2 Cyberpunk RED - Interface RED - Volume 2,28,gm_advice
IR2 Cyberpunk RED - Interface RED - Volume 2,29,gm_advice
IR2 Cyberpunk RED - Interface RED - Volume 2,30,gm_advice
IR2 Cyberpunk RED - Interface RED - Volume 2,31,gm_advice
IR2 Cyberpunk RED - Interface RED - Volume 2,32,gm_advice
IR2 Cyberpunk RED - Interface RED - Volume 2,33,gm_advice
IR2 Cyberpunk RED - Interface RED - Volume 2,34,items_gear
IR2 Cyberpunk RED - Interface RED - Volume 2,35,items_gear
IR2 Cyberpunk RED - Interface RED - Volume 2,36,items_gear
IR2 Cyberpunk RED - Interface RED - Volume 2,37,items_gear
IR2 Cyberpunk RED - Interface RED - Volume 2,38,items_gear
IR2 Cyberpunk RED - Interface RED - Volume 2,39,items_gear
IR2 Cyberpunk RED - Interface RED - Volume 2,40,lore
IR2 Cyberpunk RED - Interface RED - Volume 2,41,lore
IR2 Cyberpunk RED - Interface RED - Volume 2,42,lore
IR2 Cyberpunk RED - Interface RED - Volume 2,43,lore
IR2 Cyberpunk RED - Interface RED - Volume 2,44,lore
IR2 Cyberpunk RED - Interface RED - Volume 2,45,lore
IR2 Cyberpunk RED - Interface RED - Volume 2,46,lore
IR2 Cyberpunk RED - Interface RED - Volume 2,47,lore
IR2 Cyberpunk RED - Interface RED - Volume 2,48,lore
IR2 Cyberpunk RED - Interface RED - Volume 2,49,lore
IR2 Cyberpunk RED - Interface RED - Volume 2,50,lore
IR2 Cyberpunk RED - Interface RED - Volume 2,51,lore
IR2 Cyberpunk RED - Interface RED - Volume 2,52,lore
IR2 Cyberpunk RED - Interface RED - Volume 2,53,lore
IR2 Cyberpunk RED - Interface RED - Volume 2,54,lore
IR2 Cyberpunk RED - Interface RED - Volume 2,55,lore
IR2 Cyberpunk RED - Interface RED - Volume 2,56,lore
IR2 Cyberpunk RED - Interface RED - Volume 2,57,lore
IR2 Cyberpunk RED - Interface RED - Volume 2,58,items_gear
IR2 Cyberpunk RED - Interface RED - Volume 2,59,items_gear
IR2 Cyberpunk RED - Interface RED - Volume 2,60,items_gear
IR2 Cyberpunk RED - Interface RED - Volume 2,61,items_gear
IR2 Cyberpunk RED - Interface RED - Volume 2,62,items_gear
IR2 Cyberpunk RED - Interface RED - Volume 2,63,items_gear
IR2 Cyberpunk RED - Interface RED - Volume 2,64,items_gear
IR2 Cyberpunk RED - Interface RED - Volume 2,65,items_gear
IR2 Cyberpunk RED - Interface RED - Volume 2,66,items_gear
IR2 Cyberpunk RED - Interface RED - Volume 2,67,items_gear
IR2 Cyberpunk RED - Interface RED - Volume 2,68,items_gear
IR2 Cyberpunk RED - Interface RED - Volume 2,69,items_gear
IR2 Cyberpunk RED - Interface RED - Volume 2,70,items_gear
IR2 Cyberpunk RED - Interface RED - Volume 2,71,items_gear
IR2 Cyberpunk RED - Interface RED - Volume 2,72,items_gear
IR2 Cyberpunk RED - Interface RED - Volume 2,73,items_gear
IR2 Cyberpunk RED - Interface RED - Volume 2,74,items_gear
IR2 Cyberpunk RED - Interface RED - Volume 2,75,items_gear
IR2 Cyberpunk RED - Interface RED - Volume 2,76,items_gear
IR2 Cyberpunk RED - Interface RED - Volume 2,77,art_splash
IR2 Cyberpunk RED - Interface RED - Volume 2,78,items_gear
IR3 Cyberpunk RED - Interface RED - Volume 3,1,service
IR3 Cyberpunk RED - Interface RED - Volume 3,2,service
IR3 Cyberpunk RED - Interface RED - Volume 3,3,service
IR3 Cyberpunk RED - Interface RED - Volume 3,4,gm_advice
IR3 Cyberpunk RED - Interface RED - Volume 3,5,gm_advice
IR3 Cyberpunk RED - Interface RED - Volume 3,6,gm_advice
IR3 Cyberpunk RED - Interface RED - Volume 3,7,gm_advice
IR3 Cyberpunk RED - Interface RED - Volume 3,8,gm_advice
IR3 Cyberpunk RED - Interface RED - Volume 3,9,gm_advice
IR3 Cyberpunk RED - Interface RED - Volume 3,10,lore
IR3 Cyberpunk RED - Interface RED - Volume 3,11,lore
IR3 Cyberpunk RED - Interface RED - Volume 3,12,lore
IR3 Cyberpunk RED - Interface RED - Volume 3,13,lore
IR3 Cyberpunk RED - Interface RED - Volume 3,14,lore
IR3 Cyberpunk RED - Interface RED - Volume 3,15,lore
IR3 Cyberpunk RED - Interface RED - Volume 3,16,lore
IR3 Cyberpunk RED - Interface RED - Volume 3,17,lore
IR3 Cyberpunk RED - Interface RED - Volume 3,18,lore
IR3 Cyberpunk RED - Interface RED - Volume 3,19,lore
IR3 Cyberpunk RED - Interface RED - Volume 3,20,lore
IR3 Cyberpunk RED - Interface RED - Volume 3,21,lore
IR3 Cyberpunk RED - Interface RED - Volume 3,22,lore
IR3 Cyberpunk RED - Interface RED - Volume 3,23,lore
IR3 Cyberpunk RED - Interface RED - Volume 3,24,lore
IR3 Cyberpunk RED - Interface RED - Volume 3,25,art_splash
IR3 Cyberpunk RED - Interface RED - Volume 3,26,items_gear
IR3 Cyberpunk RED - Interface RED - Volume 3,27,items_gear
IR3 Cyberpunk RED - Interface RED - Volume 3,28,items_gear
IR3 Cyberpunk RED - Interface RED - Volume 3,29,items_gear
IR3 Cyberpunk RED - Interface RED - Volume 3,30,items_gear
IR3 Cyberpunk RED - Interface RED - Volume 3,31,items_gear
IR3 Cyberpunk RED - Interface RED - Volume 3,32,rules_core
IR3 Cyberpunk RED - Interface RED - Volume 3,33,rules_core
IR3 Cyberpunk RED - Interface RED - Volume 3,34,rules_core
IR3 Cyberpunk RED - Interface RED - Volume 3,35,rules_core
IR3 Cyberpunk RED - Interface RED - Volume 3,36,rules_core
IR3 Cyberpunk RED - Interface RED - Volume 3,37,rules_core
IR3 Cyberpunk RED - Interface RED - Volume 3,38,lore
IR3 Cyberpunk RED - Interface RED - Volume 3,39,lore
IR3 Cyberpunk RED - Interface RED - Volume 3,40,lore
IR3 Cyberpunk RED - Interface RED - Volume 3,41,lore
IR3 Cyberpunk RED - Interface RED - Volume 3,42,lore
IR3 Cyberpunk RED - Interface RED - Volume 3,43,items_gear
IR3 Cyberpunk RED - Interface RED - Volume 3,44,items_gear
IR3 Cyberpunk RED - Interface RED - Volume 3,45,lore
IR3 Cyberpunk RED - Interface RED - Volume 3,46,items_gear
IR3 Cyberpunk RED - Interface RED - Volume 3,47,items_gear
IR3 Cyberpunk RED - Interface RED - Volume 3,48,items_gear
IR3 Cyberpunk RED - Interface RED - Volume 3,49,items_gear
IR3 Cyberpunk RED - Interface RED - Volume 3,50,items_gear
IR3 Cyberpunk RED - Interface RED - Volume 3,51,art_splash
IR3 Cyberpunk RED - Interface RED - Volume 3,52,lore
IR3 Cyberpunk RED - Interface RED - Volume 3,53,lore
IR3 Cyberpunk RED - Interface RED - Volume 3,54,lore
IR3 Cyberpunk RED - Interface RED - Volume 3,55,lore
IR3 Cyberpunk RED - Interface RED - Volume 3,56,lore
IR3 Cyberpunk RED - Interface RED - Volume 3,57,lore
IR3 Cyberpunk RED - Interface RED - Volume 3,58,lore
IR3 Cyberpunk RED - Interface RED - Volume 3,59,lore
IR3 Cyberpunk RED - Interface RED - Volume 3,60,lore
IR3 Cyberpunk RED - Interface RED - Volume 3,61,lore
IR3 Cyberpunk RED - Interface RED - Volume 3,62,lore
IR3 Cyberpunk RED - Interface RED - Volume 3,63,lore
IR3 Cyberpunk RED - Interface RED - Volume 3,64,lore
IR3 Cyberpunk RED - Interface RED - Volume 3,65,lore
IR3 Cyberpunk RED - Interface RED - Volume 3,66,lore
IR3 Cyberpunk RED - Interface RED - Volume 3,67,lore
IR3 Cyberpunk RED - Interface RED - Volume 3,68,items_gear
IR3 Cyberpunk RED - Interface RED - Volume 3,69,lore
IR3 Cyberpunk RED - Interface RED - Volume 3,70,lore
IR3 Cyberpunk RED - Interface RED - Volume 3,71,items_gear
IR3 Cyberpunk RED - Interface RED - Volume 3,72,items_gear
IR3 Cyberpunk RED - Interface RED - Volume 3,73,lore
IR3 Cyberpunk RED - Interface RED - Volume 3,74,items_gear
IR3 Cyberpunk RED - Interface RED - Volume 3,75,lore
IR3 Cyberpunk RED - Interface RED - Volume 3,76,items_gear
IR3 Cyberpunk RED - Interface RED - Volume 3,77,items_gear
IR3 Cyberpunk RED - Interface RED - Volume 3,78,items_gear
IR3 Cyberpunk RED - Interface RED - Volume 3,79,items_gear
IR3 Cyberpunk RED - Interface RED - Volume 3,80,items_gear
IR3 Cyberpunk RED - Interface RED - Volume 3,81,items_gear
IR3 Cyberpunk RED - Interface RED - Volume 3,82,items_gear
IR3 Cyberpunk RED - Interface RED - Volume 3,83,items_gear
IR3 Cyberpunk RED - Interface RED - Volume 3,84,items_gear
IR3 Cyberpunk RED - Interface RED - Volume 3,85,items_gear
IR3 Cyberpunk RED - Interface RED - Volume 3,86,items_gear
IR3 Cyberpunk RED - Interface RED - Volume 3,87,items_gear
IR3 Cyberpunk RED - Interface RED - Volume 3,88,items_gear
IR3 Cyberpunk RED - Interface RED - Volume 3,89,art_splash
IR3 Cyberpunk RED - Interface RED - Volume 3,90,art_splash
IR3 Cyberpunk RED - Interface RED - Volume 3,91,items_gear
IR3 Cyberpunk RED - Interface RED - Volume 3,92,rules_core
IR3 Cyberpunk RED - Interface RED - Volume 3,93,rules_core
IR3 Cyberpunk RED - Interface RED - Volume 3,94,rules_core
IR3 Cyberpunk RED - Interface RED - Volume 3,95,rules_core
IR3 Cyberpunk RED - Interface RED - Volume 3,96,rules_core
IR3 Cyberpunk RED - Interface RED - Volume 3,97,rules_core
IR3 Cyberpunk RED - Interface RED - Volume 3,98,rules_core
IR3 Cyberpunk RED - Interface RED - Volume 3,99,rules_core
IR3 Cyberpunk RED - Interface RED - Volume 3,100,rules_core
IR3 Cyberpunk RED - Interface RED - Volume 3,101,rules_core
IR3 Cyberpunk RED - Interface RED - Volume 3,102,rules_core
IR3 Cyberpunk RED - Interface RED - Volume 3,103,rules_core
IR3 Cyberpunk RED - Interface RED - Volume 3,104,rules_core
IR3 Cyberpunk RED - Interface RED - Volume 3,105,rules_core
IR3 Cyberpunk RED - Interface RED - Volume 3,106,items_gear
IR3 Cyberpunk RED - Interface RED - Volume 3,107,items_gear
IR3 Cyberpunk RED - Interface RED - Volume 3,108,rules_core
IR3 Cyberpunk RED - Interface RED - Volume 3,109,items_gear
IR3 Cyberpunk RED - Interface RED - Volume 3,110,rules_core
IR3 Cyberpunk RED - Interface RED - Volume 3,111,items_gear
IR3 Cyberpunk RED - Interface RED - Volume 3,112,items_gear
IR3 Cyberpunk RED - Interface RED - Volume 3,113,rules_core
IR3 Cyberpunk RED - Interface RED - Volume 3,114,rules_core
IR4 Cyberpunk RED - Interface RED - Volume 4,1,service
IR4 Cyberpunk RED - Interface RED - Volume 4,2,service
IR4 Cyberpunk RED - Interface RED - Volume 4,3,service
IR4 Cyberpunk RED - Interface RED - Volume 4,4,items_gear
IR4 Cyberpunk RED - Interface RED - Volume 4,5,items_gear
IR4 Cyberpunk RED - Interface RED - Volume 4,6,items_gear
IR4 Cyberpunk RED - Interface RED - Volume 4,7,items_gear
IR4 Cyberpunk RED - Interface RED - Volume 4,8,items_gear
IR4 Cyberpunk RED - Interface RED - Volume 4,9,items_gear
IR4 Cyberpunk RED - Interface RED - Volume 4,10,items_gear
IR4 Cyberpunk RED - Interface RED - Volume 4,11,items_gear
IR4 Cyberpunk RED - Interface RED - Volume 4,12,items_gear
IR4 Cyberpunk RED - Interface RED - Volume 4,13,items_gear
IR4 Cyberpunk RED - Interface RED - Volume 4,14,items_gear
IR4 Cyberpunk RED - Interface RED - Volume 4,15,items_gear
IR4 Cyberpunk RED - Interface RED - Volume 4,16,items_gear
IR4 Cyberpunk RED - Interface RED - Volume 4,17,items_gear
IR4 Cyberpunk RED - Interface RED - Volume 4,18,items_gear
IR4 Cyberpunk RED - Interface RED - Volume 4,19,items_gear
IR4 Cyberpunk RED - Interface RED - Volume 4,20,items_gear
IR4 Cyberpunk RED - Interface RED - Volume 4,21,items_gear
IR4 Cyberpunk RED - Interface RED - Volume 4,22,items_gear
IR4 Cyberpunk RED - Interface RED - Volume 4,23,items_gear
IR4 Cyberpunk RED - Interface RED - Volume 4,24,gm_advice
IR4 Cyberpunk RED - Interface RED - Volume 4,25,gm_advice
IR4 Cyberpunk RED - Interface RED - Volume 4,26,gm_advice
IR4 Cyberpunk RED - Interface RED - Volume 4,27,gm_advice
IR4 Cyberpunk RED - Interface RED - Volume 4,28,gm_advice
IR4 Cyberpunk RED - Interface RED - Volume 4,29,gm_advice
IR4 Cyberpunk RED - Interface RED - Volume 4,30,gm_advice
IR4 Cyberpunk RED - Interface RED - Volume 4,31,gm_advice
IR4 Cyberpunk RED - Interface RED - Volume 4,32,lore
IR4 Cyberpunk RED - Interface RED - Volume 4,33,lore
IR4 Cyberpunk RED - Interface RED - Volume 4,34,lore
IR4 Cyberpunk RED - Interface RED - Volume 4,35,lore
IR4 Cyberpunk RED - Interface RED - Volume 4,36,lore
IR4 Cyberpunk RED - Interface RED - Volume 4,37,lore
IR4 Cyberpunk RED - Interface RED - Volume 4,38,rules_combat
IR4 Cyberpunk RED - Interface RED - Volume 4,39,rules_combat
IR4 Cyberpunk RED - Interface RED - Volume 4,40,rules_combat
IR4 Cyberpunk RED - Interface RED - Volume 4,41,rules_combat
IR4 Cyberpunk RED - Interface RED - Volume 4,42,rules_combat
IR4 Cyberpunk RED - Interface RED - Volume 4,43,rules_combat
IR4 Cyberpunk RED - Interface RED - Volume 4,44,rules_combat
IR4 Cyberpunk RED - Interface RED - Volume 4,45,rules_combat
IR4 Cyberpunk RED - Interface RED - Volume 4,46,rules_combat
IR4 Cyberpunk RED - Interface RED - Volume 4,47,rules_combat
IR4 Cyberpunk RED - Interface RED - Volume 4,48,rules_combat
IR4 Cyberpunk RED - Interface RED - Volume 4,49,rules_combat
IR4 Cyberpunk RED - Interface RED - Volume 4,50,rules_combat
IR4 Cyberpunk RED - Interface RED - Volume 4,51,rules_combat
IR4 Cyberpunk RED - Interface RED - Volume 4,52,items_gear
IR4 Cyberpunk RED - Interface RED - Volume 4,53,items_gear
IR4 Cyberpunk RED - Interface RED - Volume 4,54,rules_combat
IR4 Cyberpunk RED - Interface RED - Volume 4,55,rules_combat
IR4 Cyberpunk RED - Interface RED - Volume 4,56,gm_advice
IR4 Cyberpunk RED - Interface RED - Volume 4,57,gm_advice
IR4 Cyberpunk RED - Interface RED - Volume 4,58,gm_advice
IR4 Cyberpunk RED - Interface RED - Volume 4,59,gm_advice
IR4 Cyberpunk RED - Interface RED - Volume 4,60,gm_advice
IR4 Cyberpunk RED - Interface RED - Volume 4,61,gm_advice
IR4 Cyberpunk RED - Interface RED - Volume 4,62,gm_advice
IR4 Cyberpunk RED - Interface RED - Volume 4,63,gm_advice
IR4 Cyberpunk RED - Interface RED - Volume 4,64,gm_advice
IR4 Cyberpunk RED - Interface RED - Volume 4,65,gm_advice
IR4 Cyberpunk RED - Interface RED - Volume 4,66,items_gear
IR4 Cyberpunk RED - Interface RED - Volume 4,67,items_gear
IR4 Cyberpunk RED - Interface RED - Volume 4,68,items_gear
IR4 Cyberpunk RED - Interface RED - Volume 4,69,items_gear
IR4 Cyberpunk RED - Interface RED - Volume 4,70,art_splash
IR4 Cyberpunk RED - Interface RED - Volume 4,71,art_splash
IR4 Cyberpunk RED - Interface RED - Volume 4,72,items_gear
IR4 Cyberpunk RED - Interface RED - Volume 4,73,items_gear
IR4 Cyberpunk RED - Interface RED - Volume 4,74,items_gear
IR4 Cyberpunk RED - Interface RED - Volume 4,75,items_gear
IR4 Cyberpunk RED - Interface RED - Volume 4,76,items_gear
IR4 Cyberpunk RED - Interface RED - Volume 4,77,items_gear
IR4 Cyberpunk RED - Interface RED - Volume 4,78,items_gear
IR4 Cyberpunk RED - Interface RED - Volume 4,79,items_gear
IR4 Cyberpunk RED - Interface RED - Volume 4,80,items_gear
IR4 Cyberpunk RED - Interface RED - Volume 4,81,items_gear
IR4 Cyberpunk RED - Interface RED - Volume 4,82,items_gear
IR4 Cyberpunk RED - Interface RED - Volume 4,83,items_gear
IR4 Cyberpunk RED - Interface RED - Volume 4,84,items_gear
IR4 Cyberpunk RED - Interface RED - Volume 4,85,items_gear
IR4 Cyberpunk RED - Interface RED - Volume 4,86,art_splash
IR4 Cyberpunk RED - Interface RED - Volume 4,87,items_gear
IR4 Cyberpunk RED - Interface RED - Volume 4,88,art_splash
IR4 Cyberpunk RED - Interface RED - Volume 4,89,art_splash
IR4 Cyberpunk RED - Interface RED - Volume 4,90,items_gear
IR5 Cyberpunk RED - Interface RED - Volume 5,1,service
IR5 Cyberpunk RED - Interface RED - Volume 5,2,service
IR5 Cyberpunk RED - Interface RED - Volume 5,3,service
IR5 Cyberpunk RED - Interface RED - Volume 5,4,rules_combat
IR5 Cyberpunk RED - Interface RED - Volume 5,5,rules_combat
IR5 Cyberpunk RED - Interface RED - Volume 5,6,items_gear
IR5 Cyberpunk RED - Interface RED - Volume 5,7,rules_combat
IR5 Cyberpunk RED - Interface RED - Volume 5,8,items_gear
IR5 Cyberpunk RED - Interface RED - Volume 5,9,rules_combat
IR5 Cyberpunk RED - Interface RED - Volume 5,10,rules_combat
IR5 Cyberpunk RED - Interface RED - Volume 5,11,rules_combat
IR5 Cyberpunk RED - Interface RED - Volume 5,12,rules_combat
IR5 Cyberpunk RED - Interface RED - Volume 5,13,rules_combat
IR5 Cyberpunk RED - Interface RED - Volume 5,14,lore
IR5 Cyberpunk RED - Interface RED - Volume 5,15,lore
IR5 Cyberpunk RED - Interface RED - Volume 5,16,lore
IR5 Cyberpunk RED - Interface RED - Volume 5,17,lore
IR5 Cyberpunk RED - Interface RED - Volume 5,18,lore
IR5 Cyberpunk RED - Interface RED - Volume 5,19,lore
IR5 Cyberpunk RED - Interface RED - Volume 5,20,lore
IR5 Cyberpunk RED - Interface RED - Volume 5,21,lore
IR5 Cyberpunk RED - Interface RED - Volume 5,22,lore
IR5 Cyberpunk RED - Interface RED - Volume 5,23,lore
IR5 Cyberpunk RED - Interface RED - Volume 5,24,items_gear
IR5 Cyberpunk RED - Interface RED - Volume 5,25,items_gear
IR5 Cyberpunk RED - Interface RED - Volume 5,26,items_gear
IR5 Cyberpunk RED - Interface RED - Volume 5,27,items_gear
IR5 Cyberpunk RED - Interface RED - Volume 5,28,items_gear
IR5 Cyberpunk RED - Interface RED - Volume 5,29,items_gear
IR5 Cyberpunk RED - Interface RED - Volume 5,30,items_gear
IR5 Cyberpunk RED - Interface RED - Volume 5,31,items_gear
IR5 Cyberpunk RED - Interface RED - Volume 5,32,items_gear
IR5 Cyberpunk RED - Interface RED - Volume 5,33,items_gear
IR5 Cyberpunk RED - Interface RED - Volume 5,34,items_gear
IR5 Cyberpunk RED - Interface RED - Volume 5,35,art_splash
IR5 Cyberpunk RED - Interface RED - Volume 5,36,items_gear
IR5 Cyberpunk RED - Interface RED - Volume 5,37,items_gear
IR5 Cyberpunk RED - Interface RED - Volume 5,38,items_gear
IR5 Cyberpunk RED - Interface RED - Volume 5,39,items_gear
IR5 Cyberpunk RED - Interface RED - Volume 5,40,items_gear
IR5 Cyberpunk RED - Interface RED - Volume 5,41,items_gear
IR5 Cyberpunk RED - Interface RED - Volume 5,42,items_gear
IR5 Cyberpunk RED - Interface RED - Volume 5,43,items_gear
IR5 Cyberpunk RED - Interface RED - Volume 5,44,items_gear
IR5 Cyberpunk RED - Interface RED - Volume 5,45,items_gear
IR5 Cyberpunk RED - Interface RED - Volume 5,46,items_gear
IR5 Cyberpunk RED - Interface RED - Volume 5,47,items_gear
IR5 Cyberpunk RED - Interface RED - Volume 5,48,items_gear
IR5 Cyberpunk RED - Interface RED - Volume 5,49,items_gear
IR5 Cyberpunk RED - Interface RED - Volume 5,50,items_gear
IR5 Cyberpunk RED - Interface RED - Volume 5,51,items_gear
IR5 Cyberpunk RED - Interface RED - Volume 5,52,items_gear
IR5 Cyberpunk RED - Interface RED - Volume 5,53,items_gear
IR5 Cyberpunk RED - Interface RED - Volume 5,54,items_gear
IR5 Cyberpunk RED - Interface RED - Volume 5,55,items_gear
IR5 Cyberpunk RED - Interface RED - Volume 5,56,items_gear
IR5 Cyberpunk RED - Interface RED - Volume 5,57,items_gear
IR5 Cyberpunk RED - Interface RED - Volume 5,58,items_gear
IR5 Cyberpunk RED - Interface RED - Volume 5,59,items_gear
IR5 Cyberpunk RED - Interface RED - Volume 5,60,items_gear
IR5 Cyberpunk RED - Interface RED - Volume 5,61,items_gear
IR5 Cyberpunk RED - Interface RED - Volume 5,62,gm_advice
IR5 Cyberpunk RED - Interface RED - Volume 5,63,gm_advice
IR5 Cyberpunk RED - Interface RED - Volume 5,64,gm_advice
IR5 Cyberpunk RED - Interface RED - Volume 5,65,gm_advice
IR5 Cyberpunk RED - Interface RED - Volume 5,66,gm_advice
IR5 Cyberpunk RED - Interface RED - Volume 5,67,gm_advice
IR5 Cyberpunk RED - Interface RED - Volume 5,68,gm_advice
IR5 Cyberpunk RED - Interface RED - Volume 5,69,gm_advice
IR5 Cyberpunk RED - Interface RED - Volume 5,70,gm_advice
IR5 Cyberpunk RED - Interface RED - Volume 5,71,gm_advice
IR5 Cyberpunk RED - Interface RED - Volume 5,72,items_gear
IR5 Cyberpunk RED - Interface RED - Volume 5,73,items_gear
IR5 Cyberpunk RED - Interface RED - Volume 5,74,items_gear
IR5 Cyberpunk RED - Interface RED - Volume 5,75,items_gear
IR5 Cyberpunk RED - Interface RED - Volume 5,76,items_gear
IR5 Cyberpunk RED - Interface RED - Volume 5,77,items_gear
IR5 Cyberpunk RED - Interface RED - Volume 5,78,items_gear
IR5 Cyberpunk RED - Interface RED - Volume 5,79,items_gear
IR5 Cyberpunk RED - Interface RED - Volume 5,80,items_gear
IR5 Cyberpunk RED - Interface RED - Volume 5,81,items_gear
IR5 Cyberpunk RED - Interface RED - Volume 5,82,items_gear
IR5 Cyberpunk RED - Interface RED - Volume 5,83,items_gear
IR5 Cyberpunk RED - Interface RED - Volume 5,84,gm_advice
IR5 Cyberpunk RED - Interface RED - Volume 5,85,gm_advice
IR5 Cyberpunk RED - Interface RED - Volume 5,86,gm_advice
IR5 Cyberpunk RED - Interface RED - Volume 5,87,gm_advice
IR5 Cyberpunk RED - Interface RED - Volume 5,88,gm_advice
IR5 Cyberpunk RED - Interface RED - Volume 5,89,gm_advice
IR5 Cyberpunk RED - Interface RED - Volume 5,90,gm_advice
IR5 Cyberpunk RED - Interface RED - Volume 5,91,gm_advice
IR5 Cyberpunk RED - Interface RED - Volume 5,92,gm_advice
IR5 Cyberpunk RED - Interface RED - Volume 5,93,gm_advice
IR5 Cyberpunk RED - Interface RED - Volume 5,94,gm_advice
IR5 Cyberpunk RED - Interface RED - Volume 5,95,gm_advice
IR5 Cyberpunk RED - Interface RED - Volume 5,96,gm_advice
IR5 Cyberpunk RED - Interface RED - Volume 5,97,gm_advice
IR5 Cyberpunk RED - Interface RED - Volume 5,98,items_gear
IR5 Cyberpunk RED - Interface RED - Volume 5,99,items_gear
IR5 Cyberpunk RED - Interface RED - Volume 5,100,items_gear
IR5 Cyberpunk RED - Interface RED - Volume 5,101,items_gear
IR5 Cyberpunk RED - Interface RED - Volume 5,102,items_gear
IR5 Cyberpunk RED - Interface RED - Volume 5,103,items_gear
IR5 Cyberpunk RED - Interface RED - Volume 5,104,items_gear
IR5 Cyberpunk RED - Interface RED - Volume 5,105,items_gear
IR5 Cyberpunk RED - Interface RED - Volume 5,106,items_gear
IR5 Cyberpunk RED - Interface RED - Volume 5,107,items_gear
IR5 Cyberpunk RED - Interface RED - Volume 5,108,items_gear
IR5 Cyberpunk RED - Interface RED - Volume 5,109,items_gear
IR5 Cyberpunk RED - Interface RED - Volume 5,110,items_gear
IR5 Cyberpunk RED - Interface RED - Volume 5,111,items_gear
IR5 Cyberpunk RED - Interface RED - Volume 5,112,items_gear
IR5 Cyberpunk RED - Interface RED - Volume 5,113,items_gear
IR5 Cyberpunk RED - Interface RED - Volume 5,114,items_gear
IR5 Cyberpunk RED - Interface RED - Volume 5,115,items_gear
IR5 Cyberpunk RED - Interface RED - Volume 5,116,items_gear
IR5 Cyberpunk RED - Interface RED - Volume 5,117,items_gear
IR5 Cyberpunk RED - Interface RED - Volume 5,118,items_gear
IR5 Cyberpunk RED - Interface RED - Volume 5,119,items_gear
IR5 Cyberpunk RED - Interface RED - Volume 5,120,items_gear
IR5 Cyberpunk RED - Interface RED - Volume 5,121,items_gear
IR5 Cyberpunk RED - Interface RED - Volume 5,122,items_gear
IR5 Cyberpunk RED - Interface RED - Volume 5,123,items_gear
IR5 Cyberpunk RED - Interface RED - Volume 5,124,items_gear
IR5 Cyberpunk RED - Interface RED - Volume 5,125,items_gear
IR5 Cyberpunk RED - Interface RED - Volume 5,126,items_gear
IR5 Cyberpunk RED - Interface RED - Volume 5,127,items_gear
IR5 Cyberpunk RED - Interface RED - Volume 5,128,items_gear
IR5 Cyberpunk RED - Interface RED - Volume 5,129,items_gear
IR5 Cyberpunk RED - Interface RED - Volume 5,130,items_gear
IR5 Cyberpunk RED - Interface RED - Volume 5,131,items_gear
IR5 Cyberpunk RED - Interface RED - Volume 5,132,items_gear
IR5 Cyberpunk RED - Interface RED - Volume 5,133,items_gear
IR5 Cyberpunk RED - Interface RED - Volume 5,134,items_gear
IR5 Cyberpunk RED - Interface RED - Volume 5,135,items_gear
IR5 Cyberpunk RED - Interface RED - Volume 5,136,items_gear
IR5 Cyberpunk RED - Interface RED - Volume 5,137,items_gear
IR5 Cyberpunk RED - Interface RED - Volume 5,138,items_gear
IR5 Cyberpunk RED - Interface RED - Volume 5,139,items_gear
IR5 Cyberpunk RED - Interface RED - Volume 5,140,items_gear
IR5 Cyberpunk RED - Interface RED - Volume 5,141,items_gear
IR5 Cyberpunk RED - Interface RED - Volume 5,142,items_gear
IR5 Cyberpunk RED - Interface RED - Volume 5,143,items_gear
IR5 Cyberpunk RED - Interface RED - Volume 5,144,items_gear
IR5 Cyberpunk RED - Interface RED - Volume 5,145,items_gear
IR5 Cyberpunk RED - Interface RED - Volume 5,146,items_gear
IR5 Cyberpunk RED - Interface RED - Volume 5,147,items_gear
IR5 Cyberpunk RED - Interface RED - Volume 5,148,items_gear
IR5 Cyberpunk RED - Interface RED - Volume 5,149,art_splash
IR5 Cyberpunk RED - Interface RED - Volume 5,150,items_gear
RTG-CPR-CharacterSheet-Fillable,1,service
RTG-CPR-CharacterSheet-Fillable,2,service
RTG-CPR-CharacterSheet-Fillable,3,items_gear
RTG-CPR-DLC-NightMarketIndexv1.24,1,service
RTG-CPR-DLC-NightMarketIndexv1.24,2,service
RTG-CPR-DLC-NightMarketIndexv1.24,3,items_gear
RTG-CPR-DLC-NightMarketIndexv1.24,4,items_gear
RTG-CPR-DLC-NightMarketIndexv1.24,5,items_gear
RTG-CPR-DLC-NightMarketIndexv1.24,6,items_gear
RTG-CPR-DLC-NightMarketIndexv1.24,7,items_gear
RTG-CPR-DLC-NightMarketIndexv1.24,8,items_gear
RTG-CPR-DLC-NightMarketIndexv1.24,9,items_gear
RTG-CPR-DLC-NightMarketIndexv1.24,10,items_gear
RTG-CPR-DLC-NightMarketIndexv1.24,11,items_gear
RTG-CPR-DLC-NightMarketIndexv1.24,12,items_gear
RTG-CPR-DLC-NightMarketIndexv1.24,13,items_gear
RTG-CPR-DLC-NightMarketIndexv1.24,14,items_gear
RTG-CPR-DLC-NightMarketIndexv1.24,15,items_gear
RTG-CPR-DLC-NightMarketIndexv1.24,16,items_gear
RTG-CPR-DLC-NightMarketIndexv1.24,17,items_gear
RTG-CPR-DLC-NightMarketIndexv1.24,18,items_gear
RTG-CPR-DLC-NightMarketIndexv1.24,19,items_gear
RTG-CPR-DLC-NightMarketIndexv1.24,20,items_gear
RTG-CPR-DLC-NightMarketIndexv1.24,21,items_gear
RTG-CPR-DLC-NightMarketIndexv1.24,22,items_gear
RTG-CPR-DLC-NightMarketIndexv1.24,23,items_gear
RTG-CPR-DLC-NightMarketIndexv1.24,24,items_gear
RTG-CPR-DLC-NightMarketIndexv1.24,25,items_gear
RTG-CPR-DLC-NightMarketIndexv1.24,26,items_gear
RTG-CPR-DLC-NightMarketIndexv1.24,27,items_gear
RTG-CPR-DLC-NightMarketIndexv1.24,28,items_gear
RTG-CPR-DLC-NightMarketIndexv1.24,29,items_gear
RTG-CPR-DLC-NightMarketIndexv1.24,30,items_gear
RTG-CPR-DLC-NightMarketIndexv1.24,31,items_gear
RTG-CPR-DLC-NightMarketIndexv1.24,32,items_gear
RTG-CPR-DLC-NightMarketIndexv1.24,33,items_gear
RTG-CPR-DLC-NightMarketIndexv1.24,34,items_gear
RTG-CPR-DLC-NightMarketIndexv1.24,35,items_gear
RTG-CPR-DLC-NightMarketIndexv1.24,36,items_gear
RTG-CPR-DLC-NightMarketIndexv1.24,37,items_gear
RTG-CPR-DLC-NightMarketIndexv1.24,38,items_gear
RTG-CPR-DLC-NightMarketIndexv1.24,39,items_gear
RTG-CPR-DLC-NightMarketIndexv1.24,40,items_gear
RTG-CPR-DLC-NightMarketIndexv1.24,41,items_gear
RTG-CPR-DLC-NightMarketIndexv1.24,42,items_gear
RTG-CPR-DLC-NightMarketIndexv1.24,43,items_gear
RTG-CPR-DLC-NightMarketIndexv1.24,44,items_gear
RTG-CPR-DLC-NightMarketIndexv1.24,45,items_gear
RTG-CPR-DLC-NightMarketIndexv1.24,46,items_gear
RTG-CPR-DLC-NightMarketIndexv1.24,47,items_gear
RTG-CPR-DLC-NightMarketIndexv1.24,48,items_gear
RTG-CPR-DLC-NightMarketIndexv1.24,49,items_gear
RTG-CPR-DLC-NightMarketIndexv1.24,50,items_gear
RTG-CPR-DLC-NightMarketIndexv1.24,51,items_gear
RTG-CPR-DLC-NightMarketIndexv1.24,52,items_gear
RTG-CPR-DLC-NightMarketIndexv1.24,53,items_gear
RTG-CPR-DLC-NightMarketIndexv1.24,54,items_gear
RTG-CPR-DLC-NightMarketIndexv1.24,55,items_gear
RTG-CPR-DLC-NightMarketIndexv1.24,56,items_gear
RTG-CPR-DLC-NightMarketIndexv1.24,57,items_gear
RTG-CPR-DLC-NightMarketIndexv1.24,58,items_gear
RTG-CPR-DLC-NightMarketIndexv1.24,59,items_gear
RTG-CPR-DLC-NightMarketIndexv1.24,60,items_gear
RTG-CPR-DLC-NightMarketIndexv1.24,61,items_gear
RTG-CPR-DLC-NightMarketIndexv1.24,62,items_gear
RTG-CPR-DLC-NightMarketIndexv1.24,63,items_gear
RTG-CPR-DLC-NightMarketIndexv1.24,64,items_gear
RTG-CPR-DLC-NightMarketIndexv1.24,65,items_gear
RTG-CPR-DLC-NightMarketIndexv1.24,66,items_gear
RTG-CPR-DLC-NightMarketIndexv1.24,67,items_gear
RTG-CPR-DLC-NightMarketIndexv1.24,68,items_gear
RTG-CPR-DLC-NightMarketIndexv1.24,69,items_gear
RTG-CPR-DLC-NightMarketIndexv1.24,70,items_gear
RTG-CPR-DLC-NightMarketIndexv1.24,71,items_gear
RTG-CPR-DLC-NightMarketIndexv1.24,72,items_gear
RTG-CPR-DLC-NightMarketIndexv1.24,73,items_gear
RTG-CPR-DLC-NightMarketIndexv1.24,74,items_gear
